--
-- PostgreSQL database dump
--

-- Dumped from database version 17rc1
-- Dumped by pg_dump version 17rc1

SET statement_timeout = 0;
SET lock_timeout = 0;
SET idle_in_transaction_session_timeout = 0;
SET transaction_timeout = 0;
SET client_encoding = 'UTF8';
SET standard_conforming_strings = on;
SELECT pg_catalog.set_config('search_path', '', false);
SET check_function_bodies = false;
SET xmloption = content;
SET client_min_messages = warning;
SET row_security = off;

SET default_tablespace = '';

SET default_table_access_method = heap;

--
-- Name: auth_group; Type: TABLE; Schema: public; Owner: postgres
--

CREATE TABLE public.auth_group (
    id integer NOT NULL,
    name character varying(150) NOT NULL
);


ALTER TABLE public.auth_group OWNER TO postgres;

--
-- Name: auth_group_id_seq; Type: SEQUENCE; Schema: public; Owner: postgres
--

ALTER TABLE public.auth_group ALTER COLUMN id ADD GENERATED BY DEFAULT AS IDENTITY (
    SEQUENCE NAME public.auth_group_id_seq
    START WITH 1
    INCREMENT BY 1
    NO MINVALUE
    NO MAXVALUE
    CACHE 1
);


--
-- Name: auth_group_permissions; Type: TABLE; Schema: public; Owner: postgres
--

CREATE TABLE public.auth_group_permissions (
    id bigint NOT NULL,
    group_id integer NOT NULL,
    permission_id integer NOT NULL
);


ALTER TABLE public.auth_group_permissions OWNER TO postgres;

--
-- Name: auth_group_permissions_id_seq; Type: SEQUENCE; Schema: public; Owner: postgres
--

ALTER TABLE public.auth_group_permissions ALTER COLUMN id ADD GENERATED BY DEFAULT AS IDENTITY (
    SEQUENCE NAME public.auth_group_permissions_id_seq
    START WITH 1
    INCREMENT BY 1
    NO MINVALUE
    NO MAXVALUE
    CACHE 1
);


--
-- Name: auth_permission; Type: TABLE; Schema: public; Owner: postgres
--

CREATE TABLE public.auth_permission (
    id integer NOT NULL,
    name character varying(255) NOT NULL,
    content_type_id integer NOT NULL,
    codename character varying(100) NOT NULL
);


ALTER TABLE public.auth_permission OWNER TO postgres;

--
-- Name: auth_permission_id_seq; Type: SEQUENCE; Schema: public; Owner: postgres
--

ALTER TABLE public.auth_permission ALTER COLUMN id ADD GENERATED BY DEFAULT AS IDENTITY (
    SEQUENCE NAME public.auth_permission_id_seq
    START WITH 1
    INCREMENT BY 1
    NO MINVALUE
    NO MAXVALUE
    CACHE 1
);


--
-- Name: auth_user; Type: TABLE; Schema: public; Owner: postgres
--

CREATE TABLE public.auth_user (
    id integer NOT NULL,
    password character varying(128) NOT NULL,
    last_login timestamp with time zone,
    is_superuser boolean NOT NULL,
    username character varying(150) NOT NULL,
    first_name character varying(150) NOT NULL,
    last_name character varying(150) NOT NULL,
    email character varying(254) NOT NULL,
    is_staff boolean NOT NULL,
    is_active boolean NOT NULL,
    date_joined timestamp with time zone NOT NULL
);


ALTER TABLE public.auth_user OWNER TO postgres;

--
-- Name: auth_user_groups; Type: TABLE; Schema: public; Owner: postgres
--

CREATE TABLE public.auth_user_groups (
    id bigint NOT NULL,
    user_id integer NOT NULL,
    group_id integer NOT NULL
);


ALTER TABLE public.auth_user_groups OWNER TO postgres;

--
-- Name: auth_user_groups_id_seq; Type: SEQUENCE; Schema: public; Owner: postgres
--

ALTER TABLE public.auth_user_groups ALTER COLUMN id ADD GENERATED BY DEFAULT AS IDENTITY (
    SEQUENCE NAME public.auth_user_groups_id_seq
    START WITH 1
    INCREMENT BY 1
    NO MINVALUE
    NO MAXVALUE
    CACHE 1
);


--
-- Name: auth_user_id_seq; Type: SEQUENCE; Schema: public; Owner: postgres
--

ALTER TABLE public.auth_user ALTER COLUMN id ADD GENERATED BY DEFAULT AS IDENTITY (
    SEQUENCE NAME public.auth_user_id_seq
    START WITH 1
    INCREMENT BY 1
    NO MINVALUE
    NO MAXVALUE
    CACHE 1
);


--
-- Name: auth_user_user_permissions; Type: TABLE; Schema: public; Owner: postgres
--

CREATE TABLE public.auth_user_user_permissions (
    id bigint NOT NULL,
    user_id integer NOT NULL,
    permission_id integer NOT NULL
);


ALTER TABLE public.auth_user_user_permissions OWNER TO postgres;

--
-- Name: auth_user_user_permissions_id_seq; Type: SEQUENCE; Schema: public; Owner: postgres
--

ALTER TABLE public.auth_user_user_permissions ALTER COLUMN id ADD GENERATED BY DEFAULT AS IDENTITY (
    SEQUENCE NAME public.auth_user_user_permissions_id_seq
    START WITH 1
    INCREMENT BY 1
    NO MINVALUE
    NO MAXVALUE
    CACHE 1
);


--
-- Name: core_acceptedcustomergroups; Type: TABLE; Schema: public; Owner: postgres
--

CREATE TABLE public.core_acceptedcustomergroups (
    id bigint NOT NULL,
    choice character varying(30) NOT NULL
);


ALTER TABLE public.core_acceptedcustomergroups OWNER TO postgres;

--
-- Name: core_booking; Type: TABLE; Schema: public; Owner: postgres
--

CREATE TABLE public.core_booking (
    id bigint NOT NULL,
    booking_date_time timestamp with time zone NOT NULL,
    created_at timestamp with time zone NOT NULL,
    customer_id bigint,
    service_id bigint,
    therapist_id bigint,
    address character varying(255) NOT NULL,
    number_of_customers integer NOT NULL,
    status character varying(10) NOT NULL,
    base_price numeric(6,2) NOT NULL,
    prices jsonb NOT NULL,
    CONSTRAINT core_booking_number_of_customers_check CHECK ((number_of_customers >= 0))
);


ALTER TABLE public.core_booking OWNER TO postgres;

--
-- Name: core_booking_id_seq; Type: SEQUENCE; Schema: public; Owner: postgres
--

ALTER TABLE public.core_booking ALTER COLUMN id ADD GENERATED BY DEFAULT AS IDENTITY (
    SEQUENCE NAME public.core_booking_id_seq
    START WITH 1
    INCREMENT BY 1
    NO MINVALUE
    NO MAXVALUE
    CACHE 1
);


--
-- Name: core_numberofcustomers_id_seq; Type: SEQUENCE; Schema: public; Owner: postgres
--

ALTER TABLE public.core_acceptedcustomergroups ALTER COLUMN id ADD GENERATED BY DEFAULT AS IDENTITY (
    SEQUENCE NAME public.core_numberofcustomers_id_seq
    START WITH 1
    INCREMENT BY 1
    NO MINVALUE
    NO MAXVALUE
    CACHE 1
);


--
-- Name: core_service; Type: TABLE; Schema: public; Owner: postgres
--

CREATE TABLE public.core_service (
    id bigint NOT NULL,
    name character varying(50) NOT NULL,
    description character varying(1000),
    base_price numeric(6,2) NOT NULL,
    picture character varying(100) NOT NULL,
    prices jsonb NOT NULL
);


ALTER TABLE public.core_service OWNER TO postgres;

--
-- Name: core_service_id_seq; Type: SEQUENCE; Schema: public; Owner: postgres
--

ALTER TABLE public.core_service ALTER COLUMN id ADD GENERATED BY DEFAULT AS IDENTITY (
    SEQUENCE NAME public.core_service_id_seq
    START WITH 1
    INCREMENT BY 1
    NO MINVALUE
    NO MAXVALUE
    CACHE 1
);


--
-- Name: core_servicetype; Type: TABLE; Schema: public; Owner: postgres
--

CREATE TABLE public.core_servicetype (
    id bigint NOT NULL,
    name character varying(50) NOT NULL
);


ALTER TABLE public.core_servicetype OWNER TO postgres;

--
-- Name: core_servicetype_id_seq; Type: SEQUENCE; Schema: public; Owner: postgres
--

ALTER TABLE public.core_servicetype ALTER COLUMN id ADD GENERATED BY DEFAULT AS IDENTITY (
    SEQUENCE NAME public.core_servicetype_id_seq
    START WITH 1
    INCREMENT BY 1
    NO MINVALUE
    NO MAXVALUE
    CACHE 1
);


--
-- Name: customers_customer; Type: TABLE; Schema: public; Owner: postgres
--

CREATE TABLE public.customers_customer (
    id bigint NOT NULL,
    name character varying(100) NOT NULL,
    gender character varying(1),
    description text,
    picture character varying(100),
    user_id integer NOT NULL
);


ALTER TABLE public.customers_customer OWNER TO postgres;

--
-- Name: customers_customer_id_seq; Type: SEQUENCE; Schema: public; Owner: postgres
--

ALTER TABLE public.customers_customer ALTER COLUMN id ADD GENERATED BY DEFAULT AS IDENTITY (
    SEQUENCE NAME public.customers_customer_id_seq
    START WITH 1
    INCREMENT BY 1
    NO MINVALUE
    NO MAXVALUE
    CACHE 1
);


--
-- Name: django_admin_log; Type: TABLE; Schema: public; Owner: postgres
--

CREATE TABLE public.django_admin_log (
    id integer NOT NULL,
    action_time timestamp with time zone NOT NULL,
    object_id text,
    object_repr character varying(200) NOT NULL,
    action_flag smallint NOT NULL,
    change_message text NOT NULL,
    content_type_id integer,
    user_id integer NOT NULL,
    CONSTRAINT django_admin_log_action_flag_check CHECK ((action_flag >= 0))
);


ALTER TABLE public.django_admin_log OWNER TO postgres;

--
-- Name: django_admin_log_id_seq; Type: SEQUENCE; Schema: public; Owner: postgres
--

ALTER TABLE public.django_admin_log ALTER COLUMN id ADD GENERATED BY DEFAULT AS IDENTITY (
    SEQUENCE NAME public.django_admin_log_id_seq
    START WITH 1
    INCREMENT BY 1
    NO MINVALUE
    NO MAXVALUE
    CACHE 1
);


--
-- Name: django_content_type; Type: TABLE; Schema: public; Owner: postgres
--

CREATE TABLE public.django_content_type (
    id integer NOT NULL,
    app_label character varying(100) NOT NULL,
    model character varying(100) NOT NULL
);


ALTER TABLE public.django_content_type OWNER TO postgres;

--
-- Name: django_content_type_id_seq; Type: SEQUENCE; Schema: public; Owner: postgres
--

ALTER TABLE public.django_content_type ALTER COLUMN id ADD GENERATED BY DEFAULT AS IDENTITY (
    SEQUENCE NAME public.django_content_type_id_seq
    START WITH 1
    INCREMENT BY 1
    NO MINVALUE
    NO MAXVALUE
    CACHE 1
);


--
-- Name: django_migrations; Type: TABLE; Schema: public; Owner: postgres
--

CREATE TABLE public.django_migrations (
    id bigint NOT NULL,
    app character varying(255) NOT NULL,
    name character varying(255) NOT NULL,
    applied timestamp with time zone NOT NULL
);


ALTER TABLE public.django_migrations OWNER TO postgres;

--
-- Name: django_migrations_id_seq; Type: SEQUENCE; Schema: public; Owner: postgres
--

ALTER TABLE public.django_migrations ALTER COLUMN id ADD GENERATED BY DEFAULT AS IDENTITY (
    SEQUENCE NAME public.django_migrations_id_seq
    START WITH 1
    INCREMENT BY 1
    NO MINVALUE
    NO MAXVALUE
    CACHE 1
);


--
-- Name: django_session; Type: TABLE; Schema: public; Owner: postgres
--

CREATE TABLE public.django_session (
    session_key character varying(40) NOT NULL,
    session_data text NOT NULL,
    expire_date timestamp with time zone NOT NULL
);


ALTER TABLE public.django_session OWNER TO postgres;

--
-- Name: therapists_certification; Type: TABLE; Schema: public; Owner: postgres
--

CREATE TABLE public.therapists_certification (
    id bigint NOT NULL,
    name character varying(100),
    issuing_org character varying(100),
    issuing_date date,
    description character varying(1000),
    certif_file character varying(100) NOT NULL,
    therapist_id bigint NOT NULL
);


ALTER TABLE public.therapists_certification OWNER TO postgres;

--
-- Name: therapists_certification_id_seq; Type: SEQUENCE; Schema: public; Owner: postgres
--

ALTER TABLE public.therapists_certification ALTER COLUMN id ADD GENERATED BY DEFAULT AS IDENTITY (
    SEQUENCE NAME public.therapists_certification_id_seq
    START WITH 1
    INCREMENT BY 1
    NO MINVALUE
    NO MAXVALUE
    CACHE 1
);


--
-- Name: therapists_therapist; Type: TABLE; Schema: public; Owner: postgres
--

CREATE TABLE public.therapists_therapist (
    id bigint NOT NULL,
    gender character varying(1) NOT NULL,
    description text,
    picture character varying(100) NOT NULL,
    user_id integer NOT NULL,
    provided_equipment text,
    specialties character varying(1000),
    years_xp integer NOT NULL,
    street character varying(255),
    phone_number character varying(15),
    qualifications character varying(1000),
    accepted_customer_groups character varying(19) NOT NULL,
    required_equipment text,
    age integer,
    pronouns character varying(20) NOT NULL,
    first_name character varying(100),
    last_name character varying(100),
    city character varying(100),
    country character varying(100),
    number character varying(10),
    postcode character varying(20)
);


ALTER TABLE public.therapists_therapist OWNER TO postgres;

--
-- Name: therapists_therapist_id_seq; Type: SEQUENCE; Schema: public; Owner: postgres
--

ALTER TABLE public.therapists_therapist ALTER COLUMN id ADD GENERATED BY DEFAULT AS IDENTITY (
    SEQUENCE NAME public.therapists_therapist_id_seq
    START WITH 1
    INCREMENT BY 1
    NO MINVALUE
    NO MAXVALUE
    CACHE 1
);


--
-- Name: therapists_therapistservice; Type: TABLE; Schema: public; Owner: postgres
--

CREATE TABLE public.therapists_therapistservice (
    id bigint NOT NULL,
    base_price numeric(6,2) NOT NULL,
    service_id bigint NOT NULL,
    therapist_id bigint NOT NULL,
    prices jsonb NOT NULL
);


ALTER TABLE public.therapists_therapistservice OWNER TO postgres;

--
-- Name: therapists_therapistservice_id_seq; Type: SEQUENCE; Schema: public; Owner: postgres
--

ALTER TABLE public.therapists_therapistservice ALTER COLUMN id ADD GENERATED BY DEFAULT AS IDENTITY (
    SEQUENCE NAME public.therapists_therapistservice_id_seq
    START WITH 1
    INCREMENT BY 1
    NO MINVALUE
    NO MAXVALUE
    CACHE 1
);


--
-- Data for Name: auth_group; Type: TABLE DATA; Schema: public; Owner: postgres
--

COPY public.auth_group (id, name) FROM stdin;
\.


--
-- Data for Name: auth_group_permissions; Type: TABLE DATA; Schema: public; Owner: postgres
--

COPY public.auth_group_permissions (id, group_id, permission_id) FROM stdin;
\.


--
-- Data for Name: auth_permission; Type: TABLE DATA; Schema: public; Owner: postgres
--

COPY public.auth_permission (id, name, content_type_id, codename) FROM stdin;
1	Can add log entry	1	add_logentry
2	Can change log entry	1	change_logentry
3	Can delete log entry	1	delete_logentry
4	Can view log entry	1	view_logentry
5	Can add permission	2	add_permission
6	Can change permission	2	change_permission
7	Can delete permission	2	delete_permission
8	Can view permission	2	view_permission
9	Can add group	3	add_group
10	Can change group	3	change_group
11	Can delete group	3	delete_group
12	Can view group	3	view_group
13	Can add user	4	add_user
14	Can change user	4	change_user
15	Can delete user	4	delete_user
16	Can view user	4	view_user
17	Can add content type	5	add_contenttype
18	Can change content type	5	change_contenttype
19	Can delete content type	5	delete_contenttype
20	Can view content type	5	view_contenttype
21	Can add session	6	add_session
22	Can change session	6	change_session
23	Can delete session	6	delete_session
24	Can view session	6	view_session
25	Can add therapist	7	add_therapist
26	Can change therapist	7	change_therapist
27	Can delete therapist	7	delete_therapist
28	Can view therapist	7	view_therapist
29	Can add therapist service	8	add_therapistservice
30	Can change therapist service	8	change_therapistservice
31	Can delete therapist service	8	delete_therapistservice
32	Can view therapist service	8	view_therapistservice
33	Can add certification	9	add_certification
34	Can change certification	9	change_certification
35	Can delete certification	9	delete_certification
36	Can view certification	9	view_certification
37	Can add customer	10	add_customer
38	Can change customer	10	change_customer
39	Can delete customer	10	delete_customer
40	Can view customer	10	view_customer
41	Can add service	11	add_service
42	Can change service	11	change_service
43	Can delete service	11	delete_service
44	Can view service	11	view_service
45	Can add booking	12	add_booking
46	Can change booking	12	change_booking
47	Can delete booking	12	delete_booking
48	Can view booking	12	view_booking
49	Can add number of customers	13	add_numberofcustomers
50	Can change number of customers	13	change_numberofcustomers
51	Can delete number of customers	13	delete_numberofcustomers
52	Can view number of customers	13	view_numberofcustomers
53	Can add service type	14	add_servicetype
54	Can change service type	14	change_servicetype
55	Can delete service type	14	delete_servicetype
56	Can view service type	14	view_servicetype
57	Can add accepted number of customers	13	add_acceptednumberofcustomers
58	Can change accepted number of customers	13	change_acceptednumberofcustomers
59	Can delete accepted number of customers	13	delete_acceptednumberofcustomers
60	Can view accepted number of customers	13	view_acceptednumberofcustomers
61	Can add Accepted Customer Group	13	add_acceptedcustomergroups
62	Can change Accepted Customer Group	13	change_acceptedcustomergroups
63	Can delete Accepted Customer Group	13	delete_acceptedcustomergroups
64	Can view Accepted Customer Group	13	view_acceptedcustomergroups
\.


--
-- Data for Name: auth_user; Type: TABLE DATA; Schema: public; Owner: postgres
--

COPY public.auth_user (id, password, last_login, is_superuser, username, first_name, last_name, email, is_staff, is_active, date_joined) FROM stdin;
1	pbkdf2_sha256$870000$KQvNMDUzpljswAPmU79ZQp$niID0CcoUq8vW3uMUpmeL8XDqYD6mwrfleN1VYzZ36Q=	2025-01-21 14:06:33.726754+01	t	postgres				t	t	2025-01-08 14:02:52.749781+01
5	pbkdf2_sha256$870000$cVaF4ZqqxRRcxc5GIAjNnl$v9om6kYDykKcKVznbWlXM5umJX+fNMkwUENk5s6KbMo=	2025-01-22 11:46:08.477352+01	f	ricardooooo@gmail.com			ricardooooo@gmail.com	f	t	2025-01-17 13:11:36.088334+01
3	pbkdf2_sha256$870000$QiULXb7dRdl01K5DhrE0Y8$KmRO/9Q2AKoynibrZePVq/9pILZ/ERsfblmqGo2smps=	\N	f	SophieMarinova	Sophie	Marinova	sophiemarinova@gmail.com	f	t	2025-01-16 14:41:18+01
7	pbkdf2_sha256$870000$rhU9g4OCs3XIpYpy8ak45e$x+/338A1okU0Rjykk/xj6t0rV2TFHzpoPWfPM/uZQRc=	2025-01-17 17:13:55+01	f	bambieta123	Bambieta	Rodopchanka	bambilittle@gmail.com	f	t	2025-01-17 17:13:25+01
8	pbkdf2_sha256$870000$uVuxa2BXCPsjxTmFr4lwc2$NiR7eKOuj4ejmVab79pwuJ9IusVJ8gKlw1RP6sxgsv8=	2025-01-21 02:35:45.307457+01	f	therapisttest@gmail.com	Matilda	Kate	therapisttest@gmail.com	f	t	2025-01-20 19:15:26+01
\.


--
-- Data for Name: auth_user_groups; Type: TABLE DATA; Schema: public; Owner: postgres
--

COPY public.auth_user_groups (id, user_id, group_id) FROM stdin;
\.


--
-- Data for Name: auth_user_user_permissions; Type: TABLE DATA; Schema: public; Owner: postgres
--

COPY public.auth_user_user_permissions (id, user_id, permission_id) FROM stdin;
\.


--
-- Data for Name: core_acceptedcustomergroups; Type: TABLE DATA; Schema: public; Owner: postgres
--

COPY public.core_acceptedcustomergroups (id, choice) FROM stdin;
1	single
2	couple
3	group
\.


--
-- Data for Name: core_booking; Type: TABLE DATA; Schema: public; Owner: postgres
--

COPY public.core_booking (id, booking_date_time, created_at, customer_id, service_id, therapist_id, address, number_of_customers, status, base_price, prices) FROM stdin;
4	2025-01-17 16:14:13+01	2025-01-17 16:14:18.570142+01	3	7	3	Shawarma Strasse 1, 10999 Berlin, Germany	1	completed	50.00	[]
6	2025-01-17 16:58:17+01	2025-01-17 16:58:27.558949+01	3	2	1	Yoyo Straße 10, 10999 Berlin, Germany	1	completed	50.00	[]
5	2025-01-17 16:56:04+01	2025-01-17 16:56:08.876206+01	3	6	3	CenCausant Straße 10, 10999 Berlin, Germany	2	cancelled	50.00	[]
7	2025-01-29 12:51:01+01	2025-01-20 12:51:07.126149+01	3	6	3	CenCausant Straße 10, 10999 Berlin, Germany	1	cancelled	50.00	[]
8	2025-01-31 12:51:21+01	2025-01-20 12:51:25.943131+01	3	6	3	Shawarma Strasse 1, 10999 Berlin, Germany	1	cancelled	50.00	[]
9	2025-01-21 03:17:02+01	2025-01-21 03:17:39.439511+01	3	2	4	Potsdamer Str. 4, 22149 Hamburg, Germany	2	completed	50.00	[]
3	2025-01-31 13:18:01+01	2025-01-17 13:18:18.493288+01	3	1	1	Wiener Straße 10, 10999 Berlin, Germany	1	cancelled	50.00	[]
10	2025-01-31 14:18:01+01	2025-01-22 13:18:18.493288+01	3	2	4	Alexanderplatz 1, 10178 Berlin, Germany	1	active	50.00	[]
\.


--
-- Data for Name: core_service; Type: TABLE DATA; Schema: public; Owner: postgres
--

COPY public.core_service (id, name, description, base_price, picture, prices) FROM stdin;
8	Foot Massage	Treat your feet to the care they deserve with our soothing foot massage. This rejuvenating treatment focuses on relieving tension and fatigue in your feet and lower legs, promoting circulation and overall relaxation. Using expert techniques, your therapist will apply gentle to firm pressure on key reflex points, helping to release stress and restore balance throughout your body.  Perfect for anyone who spends long hours on their feet or just needs a break from daily stress. Experience the revitalizing benefits of a foot massage today and feel the difference from the ground up.	70.00	service_pictures/foot_massage.png	[["60", {"group": 210, "couple": 130, "single": 70}], ["90", {"group": 300, "couple": 180, "single": 100}], ["120", {"group": 390, "couple": 240, "single": 130}]]
9	Facial Treatment	Indulge in our luxurious facial treatment that is meticulously designed to soothe and rejuvenate your skin.  This comprehensive experience begins with a thorough cleansing ritual, followed by toning and gentle exfoliation to prepare your face for the next steps. A soothing massage stimulates blood flow and encourages collagen production, while the carefully chosen mask and moisturizer, featuring all-natural products, work to nourish and hydrate your skin.  This facial treatment utilizes best-practice anti-aging techniques, ensuring that each session not only enhances your complexion but also promotes a refreshed and revitalized appearance.  Experience the ultimate in skincare and emerge with a glowing, youthful visage.	90.00	service_pictures/facial_treatment.png	[["60", {"group": 270, "couple": 160, "single": 90}], ["90", {"group": 390, "couple": 230, "single": 130}], ["120", {"group": 510, "couple": 300, "single": 170}]]
5	Jet Lag Recovery Massage	Shake off travel fatigue and revive your body with our 90-minute Jet Lag Recovery Massage. Designed to help you adjust after long flights, this specialized treatment combines soothing techniques with relaxing herbal oils, focusing on the feet, legs, and lower back—areas most affected by prolonged sitting during travel. By easing tension in these key muscle groups and improving circulation, this massage restores your body’s natural rhythm and relieves discomfort.  Whether you're just arriving in Thailand or looking to reset after a journey, you'll feel refreshed, balanced, and ready to embrace the day with renewed energy.  Let us take care of you from the moment arrive, offering the perfect way to start your stay in complete comfort.	90.00	service_pictures/jet_lag_recovery_massage.png	[["60", {"group": 270, "couple": 160, "single": 90}], ["90", {"group": 390, "couple": 230, "single": 130}], ["120", {"group": 510, "couple": 300, "single": 170}]]
2	Relaxing Oil Massage	Experience the ultimate relaxation with our Swedish massage techniques, designed to soothe and energize your body.  Our skilled massage therapists will tailor each session to your individual needs, utilizing a harmonious combination of long strokes, kneading, and friction.  You have the option to enhance your experience with therapeutic oil or soothing aloe vera, ensuring optimal comfort and relief. Whether you seek a full-body massage or prefer to focus on specific areas such as your feet, back, shoulders, or head, we are committed to providing you with a personalized treatment that leaves you feeling rejuvenated and balanced.  Indulge in a moment of tranquility and let the stress of the day melt away.	80.00	service_pictures/relaxing_oil_massage.png	[["60", {"group": 240, "couple": 140, "single": 80}], ["90", {"group": 345, "couple": 200, "single": 115}], ["120", {"group": 450, "couple": 260, "single": 150}]]
4	Slimming Massage	Slimming massage is an effective approach designed to enhance body contouring through the application of natural slimming creams combined with expert massage techniques.  Targeting specific problem areas such as the stomach, hips, and thighs, this specialized treatment helps diminish the visibility of cellulite. The therapist employs deep kneading and rolling motions, which not only enhance blood circulation but also aid in breaking down stubborn fatty deposits.  As a result, the skin appears firmer and more toned. Beyond its cosmetic benefits, slimming massage can support weight loss efforts and contribute to an overall improved skin appearance, making it a popular choice for those seeking to achieve their body goals in a holistic manner.	100.00	service_pictures/slimming_massage.png	[["60", {"group": 300, "couple": 180, "single": 100}], ["90", {"group": 420, "couple": 250, "single": 140}], ["120", {"group": 540, "couple": 320, "single": 180}]]
7	Pregnancy Massage	Nurture your body and ease the discomforts of pregnancy with our gentle and relaxing Pregnancy Massage, specifically designed for expectant mothers in their second trimester. During this period, many women experience muscle tension and discomfort, particularly in the back, shoulders, legs, and feet. This massage focuses on alleviating these common aches and providing a sense of comfort and relaxation.  Using soft, soothing strokes and safe, pregnancy-friendly oils, our skilled therapists apply specialized prenatal massage techniques that help reduce swelling, improve circulation, and relieve muscle tightness. This treatment promotes overall well-being for both mother and baby, allowing you to relax and enjoy this special time.  Experience the perfect balance of care and relaxation with a Pregnancy Massage, tailored to support you as you navigate this exciting chapter of your life.  Important: Please note that we offer Pregnancy Massage only for expectant mothers in their second trimest	85.00	service_pictures/pregnancy_massage.png	[["60", {"group": 240, "couple": 150, "single": 85}], ["90", {"group": 330, "couple": 210, "single": 120}], ["120", {"group": 420, "couple": 270, "single": 150}]]
13	Pedicure	Indulge in a moment of relaxation by treating your feet to our professional pedicure service.  Our skilled technician will meticulously shape your nails, buff them to a smooth finish, and apply a perfect polish that enhances your natural beauty. Whether you're preparing for a special occasion or simply want to unwind, this pampering experience is designed to leave your feet looking and feeling fabulous. Step out with confidence and show off your beautifully cared-for feet!  For those looking to elevate their pedicure even further, you have the option to choose an extra gel that adds a stunning touch of style to your nails.	60.00	service_pictures/pedicure.png	[["60", {"group": 180, "couple": 110, "single": 60}], ["90", {"group": 240, "couple": 150, "single": 80}], ["120", {"group": 300, "couple": 190, "single": 100}]]
11	Foot Scrub	Indulge your feet with an invigorating foot scrub. Our skilled therapist will apply a specially formulated scrub that gently exfoliates and removes dead skin, ensuring your feet feel revitalized.  The treatment encompasses a thorough scrub of both the feet and toes, meticulously targeting every area for a complete cleanse. Following this refreshing exfoliation, a hydrating moisturizing treatment is applied to nourish and hydrate your skin deeply. This luxurious service guarantees that your feet will emerge feeling smooth, refreshed, and rejuvenated, ready to take on the world.  Treat yourself to this indulgent experience and discover the joy of beautifully cared-for feet.	40.00	service_pictures/foot_scrub.png	[["60", {"group": 120, "couple": 70, "single": 40}], ["90", {"group": 180, "couple": 110, "single": 60}], ["120", {"group": 240, "couple": 150, "single": 80}]]
12	Manicure	Treat yourself to a professional manicure that will leave your hands looking exquisite.  Our skilled technician will expertly shape your nails and buffing them to perfection, ensuring a smooth and flawless finish. With every detail attended to, you can relax and enjoy the pampering experience. Your hands deserve this special treatment, so come and experience the difference today!  For those looking to add a unique touch, we offer the option to choose an extra gel and polish, allowing you to customize your nails with an extra pop of style.	50.00	service_pictures/manicure.png	[["60", {"group": 150, "couple": 90, "single": 50}], ["90", {"group": 210, "couple": 130, "single": 70}], ["120", {"group": 270, "couple": 170, "single": 90}]]
14	Yoga Personal Training	Enhance your strength, flexibility, and overall well-being with our personalized yoga training.  Our certified yoga instructors provide individualized attention in one-on-one sessions or small groups of up to three participants, ensuring that your practice is tailored to your unique needs and fitness goals. Whether you are a beginner or an experienced yogi, each session will include a customized sequence of poses, breathing exercises, and meditation. This approach not only boosts your physical strength and flexibility but also helps in reducing stress and promoting relaxation.  Start your journey towards better health and mindfulness today with our dedicated yoga training.   If you wish to join larger groups, please note that an additional fee of ฿500 per person will apply.	85.00	service_pictures/yoga_personal_training.png	[["60", {"group": 240, "couple": 150, "single": 85}], ["90", {"group": 330, "couple": 210, "single": 120}], ["120", {"group": 420, "couple": 270, "single": 150}]]
3	Deep Tissue Massage	Stress-relieving massage technique to alleviate tension and pain in the body by targeting the deeper layers of muscle and connective tissue.  During the session, the massage therapist skillfully employs their fingers, knuckles, and elbows to release muscle tension, enhancing flexibility and promoting overall relaxation.  This type of massage is particularly beneficial for athletes seeking to improve their performance, recover from injuries, or prevent future injuries. By focusing on the deeper muscle layers, these techniques not only assist in recovery but also contribute to optimal physical condition, ensuring that athletes can push their limits while maintaining their well-being.  Whether you're looking to unwind after a demanding workout or address specific pain points, this massage offers an effective solution for enhancing both physical and mental health.	95.00	service_pictures/deep_tissue_massage.png	[["60", {"group": 285, "couple": 170, "single": 95}], ["90", {"group": 420, "couple": 250, "single": 140}], ["120", {"group": 540, "couple": 320, "single": 180}]]
1	Thai Massage	Traditional ancient Thai massage, practiced by monks for centuries, is a holistic approach to healing that incorporates a unique blend of techniques using palms, thumbs, and elbows. This therapeutic form of massage targets deep pressure points to alleviate tension throughout the body, promoting relaxation and rejuvenation.  The combination of stretches and focused pressure not only helps restore the body’s natural 'chi' energy but also enhances mobility and flexibility.  This massage is designed to leave you feeling relaxed and rejuvenated, with a renewed sense of well-being.  This age-old practice embodies the principles of harmony and peace, making it a cherished approach to physical and mental wellness in Thai culture.	70.00	service_pictures/thai_massage.png	[["60", {"group": 210, "couple": 130, "single": 70}], ["90", {"group": 300, "couple": 180, "single": 100}], ["120", {"group": 390, "couple": 240, "single": 130}]]
10	Body Scrub	Indulge in a transformative experience with our skilled therapist, who will expertly apply an exotic blend of natural ingredients to gently exfoliate and remove dead skin.  This luxurious treatment will leave you with a refreshed and rejuvenated complexion, enhancing your natural glow. After the exfoliation, a soothing shower will wash away the scrub ingredients, ensuring a clean slate for the final touch. To complete your pampering session, choose from a selection of rich oils or moisturizers that will envelop your skin in nourishment. The result is skin that feels soft, smooth, and utterly revitalized, allowing you to embrace the day with confidence and radiance.  Treat yourself to this indulgent ritual and experience the delightful transformation firsthand.	80.00	service_pictures/body_scrub.png	[["60", {"group": 240, "couple": 140, "single": 80}], ["90", {"group": 330, "couple": 200, "single": 110}], ["120", {"group": 420, "couple": 260, "single": 140}]]
6	Myofascial Massage	Myofascial massage, often referred to as office syndrome massage, is a specialized therapeutic technique designed to target the body's connective tissue, known as fascia.  This type of massage is particularly effective for alleviating pain, stiffness, and tension that arise from repetitive movements, long hours of sitting, or poor posture. Individuals suffering from office syndrome find relief through this massage, as it enhances their range of motion and overall well-being.  The therapist employs specific manipulation techniques to release tension within the fascia, promoting proper movement and function in the affected areas. As a result, patients will experience improved comfort and a greater sense of vitality, making myofascial massage a valuable option for those seeking recovery from the stresses of modern work life.	90.00	service_pictures/myofascial_massage.png	[["60", {"group": 270, "couple": 160, "single": 90}], ["90", {"group": 390, "couple": 230, "single": 130}], ["120", {"group": 510, "couple": 300, "single": 170}]]
\.


--
-- Data for Name: core_servicetype; Type: TABLE DATA; Schema: public; Owner: postgres
--

COPY public.core_servicetype (id, name) FROM stdin;
1	All Products
2	Beauty
3	Massage
4	Therapeutic Massage
5	Yoga
\.


--
-- Data for Name: customers_customer; Type: TABLE DATA; Schema: public; Owner: postgres
--

COPY public.customers_customer (id, name, gender, description, picture, user_id) FROM stdin;
3	Ricardo Morinyo	M	bla bla im hot bla bla rich	customer_pictures/512x512bb_r4lvKB1.jpg	5
\.


--
-- Data for Name: django_admin_log; Type: TABLE DATA; Schema: public; Owner: postgres
--

COPY public.django_admin_log (id, action_time, object_id, object_repr, action_flag, change_message, content_type_id, user_id) FROM stdin;
1	2025-01-08 14:36:09.467074+01	1	Thai Massage	1	[{"added": {}}]	11	1
2	2025-01-08 14:37:17.190205+01	2	Relaxing Oil Massage	1	[{"added": {}}]	11	1
3	2025-01-08 14:37:35.475677+01	3	Deep Tissue Massage	1	[{"added": {}}]	11	1
4	2025-01-08 14:38:08.391582+01	4	Slimming Massage	1	[{"added": {}}]	11	1
5	2025-01-08 14:38:29.283994+01	5	Jet Lag Recovery Massage	1	[{"added": {}}]	11	1
6	2025-01-08 14:38:52.403363+01	6	Myofascial Massage	1	[{"added": {}}]	11	1
7	2025-01-08 14:39:19.955633+01	7	Pregnancy Massage	1	[{"added": {}}]	11	1
8	2025-01-08 14:39:41.505802+01	8	Foot Massage	1	[{"added": {}}]	11	1
9	2025-01-08 14:39:57.427277+01	9	Facial Treatment	1	[{"added": {}}]	11	1
10	2025-01-08 14:40:16.150653+01	10	Body Scrub	1	[{"added": {}}]	11	1
11	2025-01-08 14:40:38.6589+01	11	Foot Scrub	1	[{"added": {}}]	11	1
12	2025-01-08 14:41:03.194824+01	12	Manicure	1	[{"added": {}}]	11	1
13	2025-01-08 14:41:16.508227+01	13	Pedicure	1	[{"added": {}}]	11	1
14	2025-01-08 14:41:43.017585+01	14	Yoga Personal Training	1	[{"added": {}}]	11	1
15	2025-01-09 00:03:33.723518+01	1	Thai Massage	2	[{"changed": {"fields": ["Service types"]}}]	11	1
16	2025-01-09 00:04:15.800104+01	3	Deep Tissue Massage	2	[{"changed": {"fields": ["Service types"]}}]	11	1
17	2025-01-09 00:05:09.273379+01	2	Relaxing Oil Massage	2	[{"changed": {"fields": ["Service types"]}}]	11	1
18	2025-01-09 00:05:26.709733+01	4	Slimming Massage	2	[{"changed": {"fields": ["Service types"]}}]	11	1
19	2025-01-09 00:06:03.262993+01	5	Jet Lag Recovery Massage	2	[{"changed": {"fields": ["Service types"]}}]	11	1
20	2025-01-09 00:06:32.652844+01	6	Myofascial Massage	2	[{"changed": {"fields": ["Service types"]}}]	11	1
21	2025-01-09 00:06:50.694339+01	7	Pregnancy Massage	2	[{"changed": {"fields": ["Service types"]}}]	11	1
22	2025-01-09 00:07:32.443707+01	8	Foot Massage	2	[{"changed": {"fields": ["Service types"]}}]	11	1
23	2025-01-09 00:07:52.667041+01	9	Facial Treatment	2	[{"changed": {"fields": ["Service types"]}}]	11	1
24	2025-01-09 00:08:01.602173+01	10	Body Scrub	2	[{"changed": {"fields": ["Service types"]}}]	11	1
25	2025-01-09 00:08:17.587068+01	11	Foot Scrub	2	[{"changed": {"fields": ["Service types"]}}]	11	1
26	2025-01-09 00:08:24.695316+01	13	Pedicure	2	[{"changed": {"fields": ["Service types"]}}]	11	1
27	2025-01-09 00:08:29.958732+01	12	Manicure	2	[{"changed": {"fields": ["Service types"]}}]	11	1
28	2025-01-09 00:08:31.907154+01	4	Slimming Massage	2	[]	11	1
29	2025-01-09 00:08:39.873073+01	11	Foot Scrub	2	[]	11	1
30	2025-01-09 00:08:43.970468+01	10	Body Scrub	2	[]	11	1
31	2025-01-09 00:10:16.64367+01	1	Thai Massage	2	[{"changed": {"fields": ["Picture"]}}]	11	1
32	2025-01-09 00:10:33.817061+01	2	Relaxing Oil Massage	2	[{"changed": {"fields": ["Picture"]}}]	11	1
33	2025-01-09 00:11:02.689062+01	3	Deep Tissue Massage	2	[{"changed": {"fields": ["Picture"]}}]	11	1
34	2025-01-09 00:16:35.200412+01	14	Yoga Personal Training	2	[{"changed": {"fields": ["Service types"]}}]	11	1
35	2025-01-09 00:16:53.672973+01	3	Deep Tissue Massage	2	[{"changed": {"fields": ["Picture"]}}]	11	1
36	2025-01-09 00:17:07.055942+01	1	Thai Massage	2	[{"changed": {"fields": ["Picture"]}}]	11	1
37	2025-01-09 00:17:22.964426+01	2	Relaxing Oil Massage	2	[{"changed": {"fields": ["Picture"]}}]	11	1
38	2025-01-09 00:17:27.853374+01	12	Manicure	2	[]	11	1
39	2025-01-09 00:19:29.412407+01	3	Deep Tissue Massage	2	[]	11	1
40	2025-01-09 02:20:21.344371+01	1	Thai Massage	2	[]	11	1
41	2025-01-09 02:25:58.546833+01	1	Thai Massage	2	[{"changed": {"fields": ["Base price", "Picture", "Service lengths"]}}]	11	1
42	2025-01-09 02:28:46.262441+01	2	Relaxing Oil Massage	2	[{"changed": {"fields": ["Base price", "Picture", "Service lengths"]}}]	11	1
43	2025-01-09 02:29:23.02866+01	3	Deep Tissue Massage	2	[{"changed": {"fields": ["Base price", "Picture", "Service lengths"]}}]	11	1
44	2025-01-09 02:29:51.109321+01	4	Slimming Massage	2	[{"changed": {"fields": ["Base price", "Picture", "Service lengths"]}}]	11	1
45	2025-01-09 02:30:22.050836+01	5	Jet Lag Recovery Massage	2	[{"changed": {"fields": ["Base price", "Picture", "Service lengths"]}}]	11	1
46	2025-01-09 02:30:47.734446+01	6	Myofascial Massage	2	[{"changed": {"fields": ["Base price", "Picture", "Service lengths"]}}]	11	1
47	2025-01-09 02:31:14.248012+01	7	Pregnancy Massage	2	[{"changed": {"fields": ["Base price", "Picture", "Service lengths"]}}]	11	1
48	2025-01-09 02:31:39.332645+01	8	Foot Massage	2	[{"changed": {"fields": ["Base price", "Picture", "Service lengths"]}}]	11	1
49	2025-01-09 02:32:09.566445+01	9	Facial Treatment	2	[{"changed": {"fields": ["Base price", "Picture", "Service lengths"]}}]	11	1
50	2025-01-09 02:32:45.679701+01	10	Body Scrub	2	[{"changed": {"fields": ["Base price", "Picture", "Service lengths"]}}]	11	1
51	2025-01-09 02:33:15.872514+01	11	Foot Scrub	2	[{"changed": {"fields": ["Base price", "Picture", "Service lengths"]}}]	11	1
52	2025-01-09 02:33:38.624624+01	12	Manicure	2	[{"changed": {"fields": ["Base price", "Picture", "Service lengths"]}}]	11	1
53	2025-01-09 02:34:23.552436+01	13	Pedicure	2	[{"changed": {"fields": ["Base price", "Picture", "Service lengths"]}}]	11	1
54	2025-01-09 02:34:51.768666+01	14	Yoga Personal Training	2	[{"changed": {"fields": ["Base price", "Picture", "Service types", "Service lengths"]}}]	11	1
55	2025-01-09 15:12:38.65336+01	14	Yoga Personal Training	2	[{"changed": {"fields": ["Service lengths"]}}]	11	1
56	2025-01-09 15:14:18.188243+01	14	Yoga Personal Training	2	[{"changed": {"fields": ["Service lengths"]}}]	11	1
57	2025-01-09 15:17:52.852654+01	14	Yoga Personal Training	2	[]	11	1
58	2025-01-09 15:35:26.59157+01	14	Yoga Personal Training	2	[{"changed": {"fields": ["Service lengths"]}}]	11	1
59	2025-01-09 15:35:35.458309+01	13	Pedicure	2	[{"changed": {"fields": ["Service lengths"]}}]	11	1
60	2025-01-09 15:35:42.495324+01	12	Manicure	2	[{"changed": {"fields": ["Service lengths"]}}]	11	1
61	2025-01-09 15:35:51.447057+01	11	Foot Scrub	2	[{"changed": {"fields": ["Service lengths"]}}]	11	1
62	2025-01-09 15:35:57.727176+01	10	Body Scrub	2	[{"changed": {"fields": ["Service lengths"]}}]	11	1
63	2025-01-09 15:36:04.768078+01	9	Facial Treatment	2	[{"changed": {"fields": ["Service lengths"]}}]	11	1
64	2025-01-09 15:36:11.818992+01	8	Foot Massage	2	[{"changed": {"fields": ["Service lengths"]}}]	11	1
65	2025-01-09 15:36:18.337286+01	7	Pregnancy Massage	2	[{"changed": {"fields": ["Service lengths"]}}]	11	1
66	2025-01-09 15:36:24.879661+01	6	Myofascial Massage	2	[{"changed": {"fields": ["Service lengths"]}}]	11	1
67	2025-01-09 15:36:31.629054+01	5	Jet Lag Recovery Massage	2	[{"changed": {"fields": ["Service lengths"]}}]	11	1
68	2025-01-09 15:36:38.878151+01	4	Slimming Massage	2	[{"changed": {"fields": ["Service lengths"]}}]	11	1
69	2025-01-09 15:36:45.441586+01	3	Deep Tissue Massage	2	[{"changed": {"fields": ["Service lengths"]}}]	11	1
70	2025-01-09 15:36:52.359705+01	2	Relaxing Oil Massage	2	[{"changed": {"fields": ["Service lengths"]}}]	11	1
71	2025-01-09 15:37:00.794518+01	1	Thai Massage	2	[{"changed": {"fields": ["Service lengths"]}}]	11	1
72	2025-01-13 14:59:51.260401+01	6	Myofascial Massage	2	[{"changed": {"fields": ["Picture"]}}]	11	1
73	2025-01-16 14:41:18.648907+01	3	SophieMarinova	1	[{"added": {}}]	4	1
74	2025-01-16 14:49:27.842586+01	1	SophieMarinova	1	[{"added": {}}]	7	1
75	2025-01-16 15:13:34.72036+01	1	single	1	[{"added": {}}]	13	1
76	2025-01-16 15:13:37.714586+01	2	couple	1	[{"added": {}}]	13	1
77	2025-01-16 15:13:40.602441+01	3	group	1	[{"added": {}}]	13	1
78	2025-01-16 15:51:38.016988+01	1	SophieMarinova	2	[{"changed": {"fields": ["Accepted customer groups"]}}]	7	1
79	2025-01-17 09:32:39.787821+01	1	Sophie Marinova - Relaxing Oil Massage ($10.22)	1	[{"added": {}}]	8	1
80	2025-01-17 09:33:00.010955+01	2	Sophie Marinova - Body Scrub ($19.99)	1	[{"added": {}}]	8	1
81	2025-01-17 09:33:41.050336+01	1	SophieMarinova	2	[{"changed": {"fields": ["Description"]}}]	7	1
82	2025-01-17 09:40:06.505163+01	1	rogeriskrenov@gmail.com	2	[{"changed": {"fields": ["Name"]}}]	10	1
83	2025-01-17 09:41:55.572524+01	2	rogeriskrenov@gmail.com	3		4	1
84	2025-01-17 09:42:56.284829+01	4	RonaldoLover123	1	[{"added": {}}]	4	1
85	2025-01-17 09:43:32.296062+01	2	RonaldoLover123	1	[{"added": {}}]	10	1
86	2025-01-17 09:44:43.944525+01	4	RonaldoLover123	2	[{"changed": {"fields": ["First name", "Last name", "Email address"]}}]	4	1
87	2025-01-17 09:45:37.248201+01	3	SophieMarinova	2	[{"changed": {"fields": ["First name", "Last name", "Email address"]}}]	4	1
88	2025-01-17 10:29:47.094114+01	1	SophieMarinova	2	[{"changed": {"fields": ["First name", "Last name", "Age", "Provided equipment", "Required equipment", "Pronouns"]}}]	7	1
89	2025-01-17 10:58:54.426495+01	1	SophieMarinova	2	[{"changed": {"fields": ["Street", "Number", "Postcode", "City", "Country"]}}]	7	1
90	2025-01-17 11:35:11.431148+01	1	Booking ID: 1\nCustomer: RonaldoLover123\nTherapist: SophieMarinova\nBooking Time: 2025-01-17 10:35\n	1	[{"added": {}}]	12	1
91	2025-01-17 11:59:14.703464+01	3	Sophie - Foot Massage ($50)	1	[{"added": {}}]	8	1
92	2025-01-17 11:59:23.191735+01	3	Sophie - Foot Massage ($50.00)	3		8	1
93	2025-01-17 12:02:27.04219+01	2	Booking ID: 2\nCustomer: RonaldoLover123\nTherapist: SophieMarinova\nBooking Time: 2025-01-22 18:00\n	1	[{"added": {}}]	12	1
94	2025-01-17 12:21:14.049611+01	4	RonaldoLover123	2	[{"changed": {"fields": ["password"]}}]	4	1
95	2025-01-17 13:13:34.164523+01	4	RonaldoLover123	3		4	1
96	2025-01-17 13:17:45.179911+01	2	Booking object (2)	3		12	1
97	2025-01-17 13:17:45.179911+01	1	Booking object (1)	3		12	1
98	2025-01-17 13:18:18.494288+01	3	Booking object (3)	1	[{"added": {}}]	12	1
99	2025-01-17 16:13:09.009358+01	2	djidjibidji@gmail.com	1	[{"added": {}}]	7	1
100	2025-01-17 16:13:39.138561+01	4	Didi - Thai Massage ($50.00)	1	[{"added": {}}]	8	1
101	2025-01-17 16:13:55.291007+01	5	Didi - Manicure ($25.00)	1	[{"added": {}}]	8	1
102	2025-01-17 16:14:18.572142+01	4	Booking ID: 4\nCustomer: ricardooooo@gmail.com\nTherapist: djidjibidji@gmail.com\nBooking Time: 2025-01-17 15:14\n	1	[{"added": {}}]	12	1
103	2025-01-17 16:56:08.878211+01	5	Booking ID: 5\nCustomer: ricardooooo@gmail.com\nTherapist: djidjibidji@gmail.com\nBooking Time: 2025-01-17 15:56\n	1	[{"added": {}}]	12	1
104	2025-01-17 16:58:27.560951+01	6	Booking ID: 6\nCustomer: ricardooooo@gmail.com\nTherapist: SophieMarinova\nBooking Time: 2025-01-17 15:58\n	1	[{"added": {}}]	12	1
105	2025-01-17 17:06:26.387901+01	2	djidjibidji@gmail.com	2	[{"changed": {"fields": ["Qualifications"]}}]	7	1
106	2025-01-17 17:13:25.460993+01	7	bambieta123	1	[{"added": {}}]	4	1
107	2025-01-17 17:13:57.9319+01	7	bambieta123	2	[{"changed": {"fields": ["First name", "Last name", "Email address", "Last login"]}}]	4	1
108	2025-01-17 17:14:11.071904+01	6	djidjibidji@gmail.com	3		4	1
109	2025-01-17 17:15:53.115759+01	3	bambieta123	1	[{"added": {}}]	7	1
110	2025-01-17 17:16:47.520476+01	6	Bambieta - Pregnancy Massage ($120.00)	1	[{"added": {}}]	8	1
111	2025-01-17 17:16:58.957196+01	7	Bambieta - Slimming Massage ($60.00)	1	[{"added": {}}]	8	1
112	2025-01-17 17:17:07.427775+01	5	Booking ID: 5\nCustomer: ricardooooo@gmail.com\nTherapist: bambieta123\nBooking Time: 2025-01-17 15:56\n	2	[{"changed": {"fields": ["Therapist", "Service"]}}]	12	1
113	2025-01-17 17:17:16.152763+01	4	Booking ID: 4\nCustomer: ricardooooo@gmail.com\nTherapist: bambieta123\nBooking Time: 2025-01-17 15:14\n	2	[{"changed": {"fields": ["Therapist", "Service"]}}]	12	1
114	2025-01-17 17:17:37.347218+01	5	Booking ID: 5\nCustomer: ricardooooo@gmail.com\nTherapist: bambieta123\nBooking Time: 2025-01-17 15:56\n	2	[{"changed": {"fields": ["Price"]}}]	12	1
115	2025-01-17 17:17:47.318216+01	4	Booking ID: 4\nCustomer: ricardooooo@gmail.com\nTherapist: bambieta123\nBooking Time: 2025-01-17 15:14\n	2	[{"changed": {"fields": ["Price"]}}]	12	1
116	2025-01-20 12:41:44.56931+01	6	Booking ID: 6\nCustomer: ricardooooo@gmail.com\nTherapist: SophieMarinova\nBooking Time: 2025-01-17 15:58\n	2	[{"changed": {"fields": ["Address"]}}]	12	1
117	2025-01-20 12:41:55.869141+01	5	Booking ID: 5\nCustomer: ricardooooo@gmail.com\nTherapist: bambieta123\nBooking Time: 2025-01-17 15:56\n	2	[{"changed": {"fields": ["Address"]}}]	12	1
118	2025-01-20 12:42:10.39946+01	4	Booking ID: 4\nCustomer: ricardooooo@gmail.com\nTherapist: bambieta123\nBooking Time: 2025-01-17 15:14\n	2	[{"changed": {"fields": ["Address"]}}]	12	1
119	2025-01-20 12:51:07.128654+01	7	Booking ID: 7\nCustomer: ricardooooo@gmail.com\nTherapist: bambieta123\nBooking Time: 2025-01-29 11:51\n	1	[{"added": {}}]	12	1
120	2025-01-20 12:51:25.945132+01	8	Booking ID: 8\nCustomer: ricardooooo@gmail.com\nTherapist: bambieta123\nBooking Time: 2025-01-31 11:51\n	1	[{"added": {}}]	12	1
121	2025-01-20 12:51:34.564569+01	7	Booking ID: 7\nCustomer: ricardooooo@gmail.com\nTherapist: bambieta123\nBooking Time: 2025-01-29 11:51\n	2	[{"changed": {"fields": ["Service"]}}]	12	1
122	2025-01-20 19:17:57.257005+01	8	therapisttest@gmail.com	2	[{"changed": {"fields": ["First name", "Last name"]}}]	4	1
123	2025-01-20 19:19:14.922511+01	4	therapisttest@gmail.com	1	[{"added": {}}]	7	1
124	2025-01-20 20:24:58.750414+01	3	Booking ID: 3\nCustomer: ricardooooo@gmail.com\nTherapist: SophieMarinova\nBooking Time: 2025-01-31 12:18\nStatus: Completed\n	2	[{"changed": {"fields": ["Status"]}}]	12	1
125	2025-01-20 20:25:20.10522+01	3	Booking ID: 3\nCustomer: ricardooooo@gmail.com\nTherapist: SophieMarinova\nBooking Time: 2025-01-31 12:18\nStatus: Active\n	2	[{"changed": {"fields": ["Status"]}}]	12	1
126	2025-01-20 20:25:29.068864+01	6	Booking ID: 6\nCustomer: ricardooooo@gmail.com\nTherapist: SophieMarinova\nBooking Time: 2025-01-17 15:58\nStatus: Completed\n	2	[{"changed": {"fields": ["Status"]}}]	12	1
127	2025-01-20 20:25:36.353047+01	4	Booking ID: 4\nCustomer: ricardooooo@gmail.com\nTherapist: bambieta123\nBooking Time: 2025-01-17 15:14\nStatus: Completed\n	2	[{"changed": {"fields": ["Status"]}}]	12	1
128	2025-01-20 20:25:42.234878+01	6	Booking ID: 6\nCustomer: ricardooooo@gmail.com\nTherapist: SophieMarinova\nBooking Time: 2025-01-17 15:58\nStatus: Completed\n	2	[]	12	1
129	2025-01-20 20:25:47.257993+01	6	Booking ID: 6\nCustomer: ricardooooo@gmail.com\nTherapist: SophieMarinova\nBooking Time: 2025-01-17 15:58\nStatus: Completed\n	2	[]	12	1
130	2025-01-20 20:25:52.076729+01	5	Booking ID: 5\nCustomer: ricardooooo@gmail.com\nTherapist: bambieta123\nBooking Time: 2025-01-17 15:56\nStatus: Cancelled\n	2	[{"changed": {"fields": ["Status"]}}]	12	1
131	2025-01-21 03:17:39.441657+01	9	Booking ID: 9\nCustomer: ricardooooo@gmail.com\nTherapist: therapisttest@gmail.com\nBooking Time: 2025-01-21 02:17\nStatus: Completed\n	1	[{"added": {}}]	12	1
132	2025-01-21 14:10:46.553808+01	2	Sophie - Body Scrub ($19.99)	2	[{"changed": {"fields": ["Prices"]}}]	8	1
133	2025-01-21 14:11:00.948388+01	1	Sophie - Relaxing Oil Massage ($10.22)	2	[{"changed": {"fields": ["Prices"]}}]	8	1
134	2025-01-21 14:11:14.376935+01	6	Bambieta - Pregnancy Massage ($120.00)	2	[{"changed": {"fields": ["Prices"]}}]	8	1
135	2025-01-21 14:11:27.740708+01	7	Bambieta - Slimming Massage ($60.00)	2	[{"changed": {"fields": ["Prices"]}}]	8	1
\.


--
-- Data for Name: django_content_type; Type: TABLE DATA; Schema: public; Owner: postgres
--

COPY public.django_content_type (id, app_label, model) FROM stdin;
1	admin	logentry
2	auth	permission
3	auth	group
4	auth	user
5	contenttypes	contenttype
6	sessions	session
7	therapists	therapist
8	therapists	therapistservice
9	therapists	certification
10	customers	customer
11	core	service
12	core	booking
14	core	servicetype
13	core	acceptedcustomergroups
\.


--
-- Data for Name: django_migrations; Type: TABLE DATA; Schema: public; Owner: postgres
--

COPY public.django_migrations (id, app, name, applied) FROM stdin;
1	contenttypes	0001_initial	2025-01-08 13:43:55.475399+01
2	auth	0001_initial	2025-01-08 13:43:55.512378+01
3	admin	0001_initial	2025-01-08 13:43:55.5254+01
4	admin	0002_logentry_remove_auto_add	2025-01-08 13:43:55.52993+01
5	admin	0003_logentry_add_action_flag_choices	2025-01-08 13:43:55.533934+01
6	contenttypes	0002_remove_content_type_name	2025-01-08 13:43:55.54331+01
7	auth	0002_alter_permission_name_max_length	2025-01-08 13:43:55.547309+01
8	auth	0003_alter_user_email_max_length	2025-01-08 13:43:55.552639+01
9	auth	0004_alter_user_username_opts	2025-01-08 13:43:55.555639+01
10	auth	0005_alter_user_last_login_null	2025-01-08 13:43:55.560655+01
11	auth	0006_require_contenttypes_0002	2025-01-08 13:43:55.56116+01
12	auth	0007_alter_validators_add_error_messages	2025-01-08 13:43:55.565166+01
13	auth	0008_alter_user_username_max_length	2025-01-08 13:43:55.572216+01
14	auth	0009_alter_user_last_name_max_length	2025-01-08 13:43:55.576215+01
15	auth	0010_alter_group_name_max_length	2025-01-08 13:43:55.580555+01
16	auth	0011_update_proxy_permissions	2025-01-08 13:43:55.584002+01
17	auth	0012_alter_user_first_name_max_length	2025-01-08 13:43:55.589951+01
18	customers	0001_initial	2025-01-08 13:43:55.599891+01
19	core	0001_initial	2025-01-08 13:43:55.6136+01
20	therapists	0001_initial	2025-01-08 13:43:55.63312+01
21	core	0002_initial	2025-01-08 13:43:55.647153+01
22	core	0003_rename_customer_id_booking_customer_and_more	2025-01-08 13:43:55.675791+01
23	core	0004_alter_booking_number_of_customers	2025-01-08 13:43:55.68422+01
24	core	0005_numberofcustomers_booking_address_and_more	2025-01-08 13:43:55.710334+01
25	customers	0002_alter_customer_description	2025-01-08 13:43:55.715142+01
26	sessions	0001_initial	2025-01-08 13:43:55.723008+01
27	therapists	0002_therapist_equipment_pref_and_more	2025-01-08 13:43:55.744184+01
28	therapists	0003_alter_therapist_picture	2025-01-08 13:43:55.750508+01
29	therapists	0004_therapist_address_therapist_phone_number_and_more	2025-01-08 13:43:55.802603+01
30	core	0006_service_service_type	2025-01-08 23:50:34.880533+01
31	core	0007_servicetype_remove_service_service_type_and_more	2025-01-08 23:59:24.799213+01
32	core	0008_service_service_lengths	2025-01-09 01:58:26.091253+01
33	core	0009_booking_price	2025-01-15 15:39:34.98624+01
34	core	0010_remove_booking_number_of_customers_and_more	2025-01-15 16:25:22.369463+01
35	therapists	0005_remove_therapist_number_of_customers_and_more	2025-01-16 14:38:32.123614+01
36	therapists	0006_remove_therapist_number_of_customers	2025-01-16 14:42:38.06489+01
37	core	0011_rename_numberofcustomers_acceptednumberofcustomers	2025-01-16 15:13:08.358903+01
38	therapists	0007_therapist_accepted_number_of_customers	2025-01-16 15:13:08.378847+01
39	therapists	0008_remove_therapist_accepted_number_of_customers_and_more	2025-01-16 15:20:51.414705+01
40	therapists	0009_rename_accepted_number_of_customers_therapist_accepted_customer_groups	2025-01-16 15:47:18.922864+01
41	core	0012_rename_acceptednumberofcustomers_acceptedcustomergroups_and_more	2025-01-16 15:50:58.541547+01
42	therapists	0010_rename_equipment_pref_therapist_provided_equipment_and_more	2025-01-17 09:29:59.181094+01
43	therapists	0011_therapist_age_therapist_pronouns	2025-01-17 10:12:39.26434+01
44	therapists	0012_remove_therapist_name_therapist_first_name_and_more	2025-01-17 10:28:34.749481+01
45	therapists	0013_rename_address_therapist_street_therapist_city_and_more	2025-01-17 10:58:20.1334+01
46	core	0013_alter_booking_service	2025-01-17 11:41:18.762914+01
47	core	0014_alter_booking_service	2025-01-17 11:43:28.70854+01
48	core	0015_booking_status	2025-01-20 20:22:44.788588+01
49	core	0015_rename_service_lengths_service_prices_and_more	2025-01-21 13:17:08.935181+01
50	core	0016_merge_20250121_1316	2025-01-21 13:17:08.939182+01
51	therapists	0014_rename_price_therapistservice_base_price_and_more	2025-01-21 13:17:08.949045+01
52	therapists	0015_therapistservice_picture	2025-01-21 13:17:08.953365+01
53	therapists	0016_remove_therapistservice_picture	2025-01-21 13:18:45.06974+01
\.


--
-- Data for Name: django_session; Type: TABLE DATA; Schema: public; Owner: postgres
--

COPY public.django_session (session_key, session_data, expire_date) FROM stdin;
9vk9nt25r3x47ibh8ng8lwjk6w88zdoe	.eJxVjEEOgjAQRe_StWlKp1NnXLrnDGTaKYIaSCisjHdXEha6_e-9_zKdbOvQbbUs3ajmYtCcfrck-VGmHehdptts8zyty5jsrtiDVtvOWp7Xw_07GKQO39qp0-JTiqIBCBui3JP4swMkBR8ZJECkiMjsimsSQ8-RsjiEjBzM-wPODTbE:1tYnwK:P01hZ9moYRiH5TVwzCI4DzAesRYtxV8k4HSGQiRnHlY	2025-01-31 16:07:16.050533+01
1prb6iek9zige4c0g6cj8tkoalz0ufrm	.eJxVjMEOwiAQRP-FsyHSQhc8evcbyLILUjWQlPZk_Hdp0oMmc3rzZt7C47Zmv7W4-JnFRShx-mUB6RnLXvADy71KqmVd5iB3RR5tk7fK8XU93L-DjC33NUHiBAlQJW30lBjHTkgzoAFnCKyLlsiaMfSos2OmwRBPCJEHY8XnCxI_OOU:1tYo0J:A3qyNQcg2yNy5Tf5LpOtmNju7RbHIoDFxYF1696FsS8	2025-01-31 16:11:23.894213+01
skpigfaddwpm3qm04fht4emudr2j2bs0	.eJxVjEEOgjAQRe_StWlKp1NnXLrnDGTaKYIaSCisjHdXEha6_e-9_zKdbOvQbbUs3ajmYtCcfrck-VGmHehdptts8zyty5jsrtiDVtvOWp7Xw_07GKQO39qp0-JTiqIBCBui3JP4swMkBR8ZJECkiMjsimsSQ8-RsjiEjBzM-wPODTbE:1tZvnq:EhtBwMegZZ7uflf-NT4B29D7hA4DRGyR3Q-ZRFIgLzg	2025-02-03 18:43:10.000959+01
8a4l17slavcpr59d0qat3vnmsa1tnook	.eJxVjMEOwiAQRP-FsyHSQhc8evcbyLILUjWQlPZk_Hdp0oMmc3rzZt7C47Zmv7W4-JnFRShx-mUB6RnLXvADy71KqmVd5iB3RR5tk7fK8XU93L-DjC33NUHiBAlQJW30lBjHTkgzoAFnCKyLlsiaMfSos2OmwRBPCJEHY8XnCxI_OOU:1ta3om:Mz_Ms5Ou2dzVKdAo8zyQTrU9r0Lv1Fm0S7225g8sOVs	2025-02-04 03:16:40.090265+01
6u5s1ar01tmutc0wpm45q4ixub4yzj8i	.eJxVjEEOgjAQRe_StWlKp1NnXLrnDGTaKYIaSCisjHdXEha6_e-9_zKdbOvQbbUs3ajmYtCcfrck-VGmHehdptts8zyty5jsrtiDVtvOWp7Xw_07GKQO39qp0-JTiqIBCBui3JP4swMkBR8ZJECkiMjsimsSQ8-RsjiEjBzM-wPODTbE:1taDEV:FfUwQGBi64Q1Va94d0ucIkIyUMs663Q7998lpVuM2VE	2025-02-04 13:19:51.369962+01
79moza97y6xl5m3x0zut228j03ynohbb	.eJxVjMEOwiAQRP-FsyHSQhc8evcbyLILUjWQlPZk_Hdp0oMmc3rzZt7C47Zmv7W4-JnFRShx-mUB6RnLXvADy71KqmVd5iB3RR5tk7fK8XU93L-DjC33NUHiBAlQJW30lBjHTkgzoAFnCKyLlsiaMfSos2OmwRBPCJEHY8XnCxI_OOU:1taDxh:AvYgHUHe34UblZHfj3wgCz_swswu_HiEW_xUiEESlQI	2025-02-04 14:06:33.727755+01
dzpd7yw7oipofpq81qanhcv4nvgv47xn	.eJxVjEEOgjAQRe_StWlKp1NnXLrnDGTaKYIaSCisjHdXEha6_e-9_zKdbOvQbbUs3ajmYtCcfrck-VGmHehdptts8zyty5jsrtiDVtvOWp7Xw_07GKQO39qp0-JTiqIBCBui3JP4swMkBR8ZJECkiMjsimsSQ8-RsjiEjBzM-wPODTbE:1taYFM:ejEhtFPVAZsEo9VQfA9d3D82i9P9_wP5bFvuuao3nUU	2025-02-05 11:46:08.477352+01
\.


--
-- Data for Name: therapists_certification; Type: TABLE DATA; Schema: public; Owner: postgres
--

COPY public.therapists_certification (id, name, issuing_org, issuing_date, description, certif_file, therapist_id) FROM stdin;
\.


--
-- Data for Name: therapists_therapist; Type: TABLE DATA; Schema: public; Owner: postgres
--

COPY public.therapists_therapist (id, gender, description, picture, user_id, provided_equipment, specialties, years_xp, street, phone_number, qualifications, accepted_customer_groups, required_equipment, age, pronouns, first_name, last_name, city, country, number, postcode) FROM stdin;
1	W	I'm cheap but deep.	therapist_pictures/maxresdefault.jpg	3	towels	Touching People the right way	15	Wiener Straße	+49 15259999999	My pimp said I should open a business	single,group	bed	55	she/her	Sophie	Marinova	Berlin	Germany	10	10999
3	W	I love forest animals	therapist_pictures/foryoubaby_OAt1N0T.png	7	towels	Thai Massage	6	Wiener Straße	015259999999	Magisters degree	single,couple,group	bed	23	she/her	Bambieta	Rodopchanka	Berlin	Germany	10	10999
4	W	...	therapist_pictures/foryoubaby_Dbc9jeD.png	8	towels	none	1	Potsdamer Str.	015736889411	none	single,couple,group	bed	1	other	Matilda	Kate	Hamburg	Germany	4	22149
\.


--
-- Data for Name: therapists_therapistservice; Type: TABLE DATA; Schema: public; Owner: postgres
--

COPY public.therapists_therapistservice (id, base_price, service_id, therapist_id, prices) FROM stdin;
2	19.99	10	1	[["60", {"group": 240, "couple": 140, "single": 80}], ["90", {"group": 330, "couple": 200, "single": 110}], ["120", {"group": 420, "couple": 260, "single": 140}]]
1	10.22	2	1	[["60", {"group": 240, "couple": 140, "single": 80}], ["90", {"group": 345, "couple": 200, "single": 115}], ["120", {"group": 450, "couple": 260, "single": 150}]]
6	120.00	7	3	[["60", {"group": 240, "couple": 150, "single": 85}], ["90", {"group": 330, "couple": 210, "single": 120}], ["120", {"group": 420, "couple": 270, "single": 150}]]
7	60.00	4	3	[["60", {"group": 300, "couple": 180, "single": 100}], ["90", {"group": 420, "couple": 250, "single": 140}], ["120", {"group": 540, "couple": 320, "single": 180}]]
\.


--
-- Name: auth_group_id_seq; Type: SEQUENCE SET; Schema: public; Owner: postgres
--

SELECT pg_catalog.setval('public.auth_group_id_seq', 1, false);


--
-- Name: auth_group_permissions_id_seq; Type: SEQUENCE SET; Schema: public; Owner: postgres
--

SELECT pg_catalog.setval('public.auth_group_permissions_id_seq', 1, false);


--
-- Name: auth_permission_id_seq; Type: SEQUENCE SET; Schema: public; Owner: postgres
--

SELECT pg_catalog.setval('public.auth_permission_id_seq', 64, true);


--
-- Name: auth_user_groups_id_seq; Type: SEQUENCE SET; Schema: public; Owner: postgres
--

SELECT pg_catalog.setval('public.auth_user_groups_id_seq', 1, false);


--
-- Name: auth_user_id_seq; Type: SEQUENCE SET; Schema: public; Owner: postgres
--

SELECT pg_catalog.setval('public.auth_user_id_seq', 8, true);


--
-- Name: auth_user_user_permissions_id_seq; Type: SEQUENCE SET; Schema: public; Owner: postgres
--

SELECT pg_catalog.setval('public.auth_user_user_permissions_id_seq', 1, false);


--
-- Name: core_booking_id_seq; Type: SEQUENCE SET; Schema: public; Owner: postgres
--

SELECT pg_catalog.setval('public.core_booking_id_seq', 9, true);


--
-- Name: core_numberofcustomers_id_seq; Type: SEQUENCE SET; Schema: public; Owner: postgres
--

SELECT pg_catalog.setval('public.core_numberofcustomers_id_seq', 3, true);


--
-- Name: core_service_id_seq; Type: SEQUENCE SET; Schema: public; Owner: postgres
--

SELECT pg_catalog.setval('public.core_service_id_seq', 14, true);


--
-- Name: core_servicetype_id_seq; Type: SEQUENCE SET; Schema: public; Owner: postgres
--

SELECT pg_catalog.setval('public.core_servicetype_id_seq', 5, true);


--
-- Name: customers_customer_id_seq; Type: SEQUENCE SET; Schema: public; Owner: postgres
--

SELECT pg_catalog.setval('public.customers_customer_id_seq', 3, true);


--
-- Name: django_admin_log_id_seq; Type: SEQUENCE SET; Schema: public; Owner: postgres
--

SELECT pg_catalog.setval('public.django_admin_log_id_seq', 135, true);


--
-- Name: django_content_type_id_seq; Type: SEQUENCE SET; Schema: public; Owner: postgres
--

SELECT pg_catalog.setval('public.django_content_type_id_seq', 14, true);


--
-- Name: django_migrations_id_seq; Type: SEQUENCE SET; Schema: public; Owner: postgres
--

SELECT pg_catalog.setval('public.django_migrations_id_seq', 53, true);


--
-- Name: therapists_certification_id_seq; Type: SEQUENCE SET; Schema: public; Owner: postgres
--

SELECT pg_catalog.setval('public.therapists_certification_id_seq', 1, false);


--
-- Name: therapists_therapist_id_seq; Type: SEQUENCE SET; Schema: public; Owner: postgres
--

SELECT pg_catalog.setval('public.therapists_therapist_id_seq', 4, true);


--
-- Name: therapists_therapistservice_id_seq; Type: SEQUENCE SET; Schema: public; Owner: postgres
--

SELECT pg_catalog.setval('public.therapists_therapistservice_id_seq', 7, true);


--
-- Name: auth_group auth_group_name_key; Type: CONSTRAINT; Schema: public; Owner: postgres
--

ALTER TABLE ONLY public.auth_group
    ADD CONSTRAINT auth_group_name_key UNIQUE (name);


--
-- Name: auth_group_permissions auth_group_permissions_group_id_permission_id_0cd325b0_uniq; Type: CONSTRAINT; Schema: public; Owner: postgres
--

ALTER TABLE ONLY public.auth_group_permissions
    ADD CONSTRAINT auth_group_permissions_group_id_permission_id_0cd325b0_uniq UNIQUE (group_id, permission_id);


--
-- Name: auth_group_permissions auth_group_permissions_pkey; Type: CONSTRAINT; Schema: public; Owner: postgres
--

ALTER TABLE ONLY public.auth_group_permissions
    ADD CONSTRAINT auth_group_permissions_pkey PRIMARY KEY (id);


--
-- Name: auth_group auth_group_pkey; Type: CONSTRAINT; Schema: public; Owner: postgres
--

ALTER TABLE ONLY public.auth_group
    ADD CONSTRAINT auth_group_pkey PRIMARY KEY (id);


--
-- Name: auth_permission auth_permission_content_type_id_codename_01ab375a_uniq; Type: CONSTRAINT; Schema: public; Owner: postgres
--

ALTER TABLE ONLY public.auth_permission
    ADD CONSTRAINT auth_permission_content_type_id_codename_01ab375a_uniq UNIQUE (content_type_id, codename);


--
-- Name: auth_permission auth_permission_pkey; Type: CONSTRAINT; Schema: public; Owner: postgres
--

ALTER TABLE ONLY public.auth_permission
    ADD CONSTRAINT auth_permission_pkey PRIMARY KEY (id);


--
-- Name: auth_user_groups auth_user_groups_pkey; Type: CONSTRAINT; Schema: public; Owner: postgres
--

ALTER TABLE ONLY public.auth_user_groups
    ADD CONSTRAINT auth_user_groups_pkey PRIMARY KEY (id);


--
-- Name: auth_user_groups auth_user_groups_user_id_group_id_94350c0c_uniq; Type: CONSTRAINT; Schema: public; Owner: postgres
--

ALTER TABLE ONLY public.auth_user_groups
    ADD CONSTRAINT auth_user_groups_user_id_group_id_94350c0c_uniq UNIQUE (user_id, group_id);


--
-- Name: auth_user auth_user_pkey; Type: CONSTRAINT; Schema: public; Owner: postgres
--

ALTER TABLE ONLY public.auth_user
    ADD CONSTRAINT auth_user_pkey PRIMARY KEY (id);


--
-- Name: auth_user_user_permissions auth_user_user_permissions_pkey; Type: CONSTRAINT; Schema: public; Owner: postgres
--

ALTER TABLE ONLY public.auth_user_user_permissions
    ADD CONSTRAINT auth_user_user_permissions_pkey PRIMARY KEY (id);


--
-- Name: auth_user_user_permissions auth_user_user_permissions_user_id_permission_id_14a6b632_uniq; Type: CONSTRAINT; Schema: public; Owner: postgres
--

ALTER TABLE ONLY public.auth_user_user_permissions
    ADD CONSTRAINT auth_user_user_permissions_user_id_permission_id_14a6b632_uniq UNIQUE (user_id, permission_id);


--
-- Name: auth_user auth_user_username_key; Type: CONSTRAINT; Schema: public; Owner: postgres
--

ALTER TABLE ONLY public.auth_user
    ADD CONSTRAINT auth_user_username_key UNIQUE (username);


--
-- Name: core_booking core_booking_pkey; Type: CONSTRAINT; Schema: public; Owner: postgres
--

ALTER TABLE ONLY public.core_booking
    ADD CONSTRAINT core_booking_pkey PRIMARY KEY (id);


--
-- Name: core_acceptedcustomergroups core_numberofcustomers_pkey; Type: CONSTRAINT; Schema: public; Owner: postgres
--

ALTER TABLE ONLY public.core_acceptedcustomergroups
    ADD CONSTRAINT core_numberofcustomers_pkey PRIMARY KEY (id);


--
-- Name: core_service core_service_pkey; Type: CONSTRAINT; Schema: public; Owner: postgres
--

ALTER TABLE ONLY public.core_service
    ADD CONSTRAINT core_service_pkey PRIMARY KEY (id);


--
-- Name: core_servicetype core_servicetype_name_key; Type: CONSTRAINT; Schema: public; Owner: postgres
--

ALTER TABLE ONLY public.core_servicetype
    ADD CONSTRAINT core_servicetype_name_key UNIQUE (name);


--
-- Name: core_servicetype core_servicetype_pkey; Type: CONSTRAINT; Schema: public; Owner: postgres
--

ALTER TABLE ONLY public.core_servicetype
    ADD CONSTRAINT core_servicetype_pkey PRIMARY KEY (id);


--
-- Name: customers_customer customers_customer_pkey; Type: CONSTRAINT; Schema: public; Owner: postgres
--

ALTER TABLE ONLY public.customers_customer
    ADD CONSTRAINT customers_customer_pkey PRIMARY KEY (id);


--
-- Name: customers_customer customers_customer_user_id_key; Type: CONSTRAINT; Schema: public; Owner: postgres
--

ALTER TABLE ONLY public.customers_customer
    ADD CONSTRAINT customers_customer_user_id_key UNIQUE (user_id);


--
-- Name: django_admin_log django_admin_log_pkey; Type: CONSTRAINT; Schema: public; Owner: postgres
--

ALTER TABLE ONLY public.django_admin_log
    ADD CONSTRAINT django_admin_log_pkey PRIMARY KEY (id);


--
-- Name: django_content_type django_content_type_app_label_model_76bd3d3b_uniq; Type: CONSTRAINT; Schema: public; Owner: postgres
--

ALTER TABLE ONLY public.django_content_type
    ADD CONSTRAINT django_content_type_app_label_model_76bd3d3b_uniq UNIQUE (app_label, model);


--
-- Name: django_content_type django_content_type_pkey; Type: CONSTRAINT; Schema: public; Owner: postgres
--

ALTER TABLE ONLY public.django_content_type
    ADD CONSTRAINT django_content_type_pkey PRIMARY KEY (id);


--
-- Name: django_migrations django_migrations_pkey; Type: CONSTRAINT; Schema: public; Owner: postgres
--

ALTER TABLE ONLY public.django_migrations
    ADD CONSTRAINT django_migrations_pkey PRIMARY KEY (id);


--
-- Name: django_session django_session_pkey; Type: CONSTRAINT; Schema: public; Owner: postgres
--

ALTER TABLE ONLY public.django_session
    ADD CONSTRAINT django_session_pkey PRIMARY KEY (session_key);


--
-- Name: therapists_certification therapists_certification_pkey; Type: CONSTRAINT; Schema: public; Owner: postgres
--

ALTER TABLE ONLY public.therapists_certification
    ADD CONSTRAINT therapists_certification_pkey PRIMARY KEY (id);


--
-- Name: therapists_therapist therapists_therapist_pkey; Type: CONSTRAINT; Schema: public; Owner: postgres
--

ALTER TABLE ONLY public.therapists_therapist
    ADD CONSTRAINT therapists_therapist_pkey PRIMARY KEY (id);


--
-- Name: therapists_therapist therapists_therapist_user_id_key; Type: CONSTRAINT; Schema: public; Owner: postgres
--

ALTER TABLE ONLY public.therapists_therapist
    ADD CONSTRAINT therapists_therapist_user_id_key UNIQUE (user_id);


--
-- Name: therapists_therapistservice therapists_therapistservice_pkey; Type: CONSTRAINT; Schema: public; Owner: postgres
--

ALTER TABLE ONLY public.therapists_therapistservice
    ADD CONSTRAINT therapists_therapistservice_pkey PRIMARY KEY (id);


--
-- Name: auth_group_name_a6ea08ec_like; Type: INDEX; Schema: public; Owner: postgres
--

CREATE INDEX auth_group_name_a6ea08ec_like ON public.auth_group USING btree (name varchar_pattern_ops);


--
-- Name: auth_group_permissions_group_id_b120cbf9; Type: INDEX; Schema: public; Owner: postgres
--

CREATE INDEX auth_group_permissions_group_id_b120cbf9 ON public.auth_group_permissions USING btree (group_id);


--
-- Name: auth_group_permissions_permission_id_84c5c92e; Type: INDEX; Schema: public; Owner: postgres
--

CREATE INDEX auth_group_permissions_permission_id_84c5c92e ON public.auth_group_permissions USING btree (permission_id);


--
-- Name: auth_permission_content_type_id_2f476e4b; Type: INDEX; Schema: public; Owner: postgres
--

CREATE INDEX auth_permission_content_type_id_2f476e4b ON public.auth_permission USING btree (content_type_id);


--
-- Name: auth_user_groups_group_id_97559544; Type: INDEX; Schema: public; Owner: postgres
--

CREATE INDEX auth_user_groups_group_id_97559544 ON public.auth_user_groups USING btree (group_id);


--
-- Name: auth_user_groups_user_id_6a12ed8b; Type: INDEX; Schema: public; Owner: postgres
--

CREATE INDEX auth_user_groups_user_id_6a12ed8b ON public.auth_user_groups USING btree (user_id);


--
-- Name: auth_user_user_permissions_permission_id_1fbb5f2c; Type: INDEX; Schema: public; Owner: postgres
--

CREATE INDEX auth_user_user_permissions_permission_id_1fbb5f2c ON public.auth_user_user_permissions USING btree (permission_id);


--
-- Name: auth_user_user_permissions_user_id_a95ead1b; Type: INDEX; Schema: public; Owner: postgres
--

CREATE INDEX auth_user_user_permissions_user_id_a95ead1b ON public.auth_user_user_permissions USING btree (user_id);


--
-- Name: auth_user_username_6821ab7c_like; Type: INDEX; Schema: public; Owner: postgres
--

CREATE INDEX auth_user_username_6821ab7c_like ON public.auth_user USING btree (username varchar_pattern_ops);


--
-- Name: core_booking_customer_id_id_4fcccbe3; Type: INDEX; Schema: public; Owner: postgres
--

CREATE INDEX core_booking_customer_id_id_4fcccbe3 ON public.core_booking USING btree (customer_id);


--
-- Name: core_booking_service_id_id_cc51cf7e; Type: INDEX; Schema: public; Owner: postgres
--

CREATE INDEX core_booking_service_id_id_cc51cf7e ON public.core_booking USING btree (service_id);


--
-- Name: core_booking_therapist_id_id_2b9e53d1; Type: INDEX; Schema: public; Owner: postgres
--

CREATE INDEX core_booking_therapist_id_id_2b9e53d1 ON public.core_booking USING btree (therapist_id);


--
-- Name: core_servicetype_name_d021aead_like; Type: INDEX; Schema: public; Owner: postgres
--

CREATE INDEX core_servicetype_name_d021aead_like ON public.core_servicetype USING btree (name varchar_pattern_ops);


--
-- Name: django_admin_log_content_type_id_c4bce8eb; Type: INDEX; Schema: public; Owner: postgres
--

CREATE INDEX django_admin_log_content_type_id_c4bce8eb ON public.django_admin_log USING btree (content_type_id);


--
-- Name: django_admin_log_user_id_c564eba6; Type: INDEX; Schema: public; Owner: postgres
--

CREATE INDEX django_admin_log_user_id_c564eba6 ON public.django_admin_log USING btree (user_id);


--
-- Name: django_session_expire_date_a5c62663; Type: INDEX; Schema: public; Owner: postgres
--

CREATE INDEX django_session_expire_date_a5c62663 ON public.django_session USING btree (expire_date);


--
-- Name: django_session_session_key_c0390e0f_like; Type: INDEX; Schema: public; Owner: postgres
--

CREATE INDEX django_session_session_key_c0390e0f_like ON public.django_session USING btree (session_key varchar_pattern_ops);


--
-- Name: therapists_certification_therapist_id_31ab6e77; Type: INDEX; Schema: public; Owner: postgres
--

CREATE INDEX therapists_certification_therapist_id_31ab6e77 ON public.therapists_certification USING btree (therapist_id);


--
-- Name: therapists_therapistservice_service_id_d82415ba; Type: INDEX; Schema: public; Owner: postgres
--

CREATE INDEX therapists_therapistservice_service_id_d82415ba ON public.therapists_therapistservice USING btree (service_id);


--
-- Name: therapists_therapistservice_therapist_id_d99fff10; Type: INDEX; Schema: public; Owner: postgres
--

CREATE INDEX therapists_therapistservice_therapist_id_d99fff10 ON public.therapists_therapistservice USING btree (therapist_id);


--
-- Name: auth_group_permissions auth_group_permissio_permission_id_84c5c92e_fk_auth_perm; Type: FK CONSTRAINT; Schema: public; Owner: postgres
--

ALTER TABLE ONLY public.auth_group_permissions
    ADD CONSTRAINT auth_group_permissio_permission_id_84c5c92e_fk_auth_perm FOREIGN KEY (permission_id) REFERENCES public.auth_permission(id) DEFERRABLE INITIALLY DEFERRED;


--
-- Name: auth_group_permissions auth_group_permissions_group_id_b120cbf9_fk_auth_group_id; Type: FK CONSTRAINT; Schema: public; Owner: postgres
--

ALTER TABLE ONLY public.auth_group_permissions
    ADD CONSTRAINT auth_group_permissions_group_id_b120cbf9_fk_auth_group_id FOREIGN KEY (group_id) REFERENCES public.auth_group(id) DEFERRABLE INITIALLY DEFERRED;


--
-- Name: auth_permission auth_permission_content_type_id_2f476e4b_fk_django_co; Type: FK CONSTRAINT; Schema: public; Owner: postgres
--

ALTER TABLE ONLY public.auth_permission
    ADD CONSTRAINT auth_permission_content_type_id_2f476e4b_fk_django_co FOREIGN KEY (content_type_id) REFERENCES public.django_content_type(id) DEFERRABLE INITIALLY DEFERRED;


--
-- Name: auth_user_groups auth_user_groups_group_id_97559544_fk_auth_group_id; Type: FK CONSTRAINT; Schema: public; Owner: postgres
--

ALTER TABLE ONLY public.auth_user_groups
    ADD CONSTRAINT auth_user_groups_group_id_97559544_fk_auth_group_id FOREIGN KEY (group_id) REFERENCES public.auth_group(id) DEFERRABLE INITIALLY DEFERRED;


--
-- Name: auth_user_groups auth_user_groups_user_id_6a12ed8b_fk_auth_user_id; Type: FK CONSTRAINT; Schema: public; Owner: postgres
--

ALTER TABLE ONLY public.auth_user_groups
    ADD CONSTRAINT auth_user_groups_user_id_6a12ed8b_fk_auth_user_id FOREIGN KEY (user_id) REFERENCES public.auth_user(id) DEFERRABLE INITIALLY DEFERRED;


--
-- Name: auth_user_user_permissions auth_user_user_permi_permission_id_1fbb5f2c_fk_auth_perm; Type: FK CONSTRAINT; Schema: public; Owner: postgres
--

ALTER TABLE ONLY public.auth_user_user_permissions
    ADD CONSTRAINT auth_user_user_permi_permission_id_1fbb5f2c_fk_auth_perm FOREIGN KEY (permission_id) REFERENCES public.auth_permission(id) DEFERRABLE INITIALLY DEFERRED;


--
-- Name: auth_user_user_permissions auth_user_user_permissions_user_id_a95ead1b_fk_auth_user_id; Type: FK CONSTRAINT; Schema: public; Owner: postgres
--

ALTER TABLE ONLY public.auth_user_user_permissions
    ADD CONSTRAINT auth_user_user_permissions_user_id_a95ead1b_fk_auth_user_id FOREIGN KEY (user_id) REFERENCES public.auth_user(id) DEFERRABLE INITIALLY DEFERRED;


--
-- Name: core_booking core_booking_customer_id_b4948c3d_fk_customers_customer_id; Type: FK CONSTRAINT; Schema: public; Owner: postgres
--

ALTER TABLE ONLY public.core_booking
    ADD CONSTRAINT core_booking_customer_id_b4948c3d_fk_customers_customer_id FOREIGN KEY (customer_id) REFERENCES public.customers_customer(id) DEFERRABLE INITIALLY DEFERRED;


--
-- Name: core_booking core_booking_service_id_c8fb648d_fk_therapist; Type: FK CONSTRAINT; Schema: public; Owner: postgres
--

ALTER TABLE ONLY public.core_booking
    ADD CONSTRAINT core_booking_service_id_c8fb648d_fk_therapist FOREIGN KEY (service_id) REFERENCES public.therapists_therapistservice(id) DEFERRABLE INITIALLY DEFERRED;


--
-- Name: core_booking core_booking_therapist_id_2dd25de4_fk_therapists_therapist_id; Type: FK CONSTRAINT; Schema: public; Owner: postgres
--

ALTER TABLE ONLY public.core_booking
    ADD CONSTRAINT core_booking_therapist_id_2dd25de4_fk_therapists_therapist_id FOREIGN KEY (therapist_id) REFERENCES public.therapists_therapist(id) DEFERRABLE INITIALLY DEFERRED;


--
-- Name: customers_customer customers_customer_user_id_a9568d6c_fk_auth_user_id; Type: FK CONSTRAINT; Schema: public; Owner: postgres
--

ALTER TABLE ONLY public.customers_customer
    ADD CONSTRAINT customers_customer_user_id_a9568d6c_fk_auth_user_id FOREIGN KEY (user_id) REFERENCES public.auth_user(id) DEFERRABLE INITIALLY DEFERRED;


--
-- Name: django_admin_log django_admin_log_content_type_id_c4bce8eb_fk_django_co; Type: FK CONSTRAINT; Schema: public; Owner: postgres
--

ALTER TABLE ONLY public.django_admin_log
    ADD CONSTRAINT django_admin_log_content_type_id_c4bce8eb_fk_django_co FOREIGN KEY (content_type_id) REFERENCES public.django_content_type(id) DEFERRABLE INITIALLY DEFERRED;


--
-- Name: django_admin_log django_admin_log_user_id_c564eba6_fk_auth_user_id; Type: FK CONSTRAINT; Schema: public; Owner: postgres
--

ALTER TABLE ONLY public.django_admin_log
    ADD CONSTRAINT django_admin_log_user_id_c564eba6_fk_auth_user_id FOREIGN KEY (user_id) REFERENCES public.auth_user(id) DEFERRABLE INITIALLY DEFERRED;


--
-- Name: therapists_certification therapists_certifica_therapist_id_31ab6e77_fk_therapist; Type: FK CONSTRAINT; Schema: public; Owner: postgres
--

ALTER TABLE ONLY public.therapists_certification
    ADD CONSTRAINT therapists_certifica_therapist_id_31ab6e77_fk_therapist FOREIGN KEY (therapist_id) REFERENCES public.therapists_therapist(id) DEFERRABLE INITIALLY DEFERRED;


--
-- Name: therapists_therapistservice therapists_therapist_service_id_d82415ba_fk_core_serv; Type: FK CONSTRAINT; Schema: public; Owner: postgres
--

ALTER TABLE ONLY public.therapists_therapistservice
    ADD CONSTRAINT therapists_therapist_service_id_d82415ba_fk_core_serv FOREIGN KEY (service_id) REFERENCES public.core_service(id) DEFERRABLE INITIALLY DEFERRED;


--
-- Name: therapists_therapistservice therapists_therapist_therapist_id_d99fff10_fk_therapist; Type: FK CONSTRAINT; Schema: public; Owner: postgres
--

ALTER TABLE ONLY public.therapists_therapistservice
    ADD CONSTRAINT therapists_therapist_therapist_id_d99fff10_fk_therapist FOREIGN KEY (therapist_id) REFERENCES public.therapists_therapist(id) DEFERRABLE INITIALLY DEFERRED;


--
-- Name: therapists_therapist therapists_therapist_user_id_981c450f_fk_auth_user_id; Type: FK CONSTRAINT; Schema: public; Owner: postgres
--

ALTER TABLE ONLY public.therapists_therapist
    ADD CONSTRAINT therapists_therapist_user_id_981c450f_fk_auth_user_id FOREIGN KEY (user_id) REFERENCES public.auth_user(id) DEFERRABLE INITIALLY DEFERRED;


--
-- PostgreSQL database dump complete
--

